,doctor_name,id,rating,distance,slots,department
0,Dr. Manish Shah,1,4.7,0,3PM - 5PM,Endocrinologist
1,Dr. Manish Shah,2,2.5,2,4AM - 6AM,Endocrinologist
2,Dr. Manish Shah,3,0.6,2,11PM - 13PM,Endocrinologist
3,Dr. Pooja Desai,6,0.3,1,9PM - 11PM,Oncologist
4,Dr. Anil Verma,7,3.7,2,11PM - 13PM,Pulmonologist
5,Dr. Neha Singh,9,3.6,0,7PM - 9PM,Pulmonologist
6,Dr. Priya Sharma,10,4.6,3,9PM - 11PM,Endocrinologist
7,Dr. Pooja Desai,11,2.6,0,10PM - 12PM,Endocrinologist
8,Dr. Neha Singh,12,3.3,0,10PM - 12PM,Psychiatrist
9,Dr. Manish Shah,13,2.9,2,8PM - 10PM,Endocrinologist
10,Dr. Anil Verma,14,3.7,2,9PM - 11PM,Pulmonologist
11,Dr. Sanjay Gupta,15,1.4,1,1PM - 3PM,Psychiatrist
12,Dr. Priya Sharma,16,3.7,3,3AM - 5AM,Endocrinologist
13,Dr. Priya Sharma,17,2.7,0,10PM - 12PM,Endocrinologist
14,Dr. Pooja Desai,18,4.5,0,7PM - 9PM,Endocrinologist
15,Dr. Sanjay Gupta,19,3.1,4,6PM - 8PM,Psychiatrist
16,Dr. Manish Shah,20,3.8,0,5AM - 7AM,Endocrinologist
17,Dr. Neha Singh,21,1.9,3,7PM - 9PM,Psychiatrist
18,Dr. Anil Verma,22,2.0,4,8AM - 10AM,Pulmonologist
19,Dr. Sanjay Gupta,23,2.2,3,2PM - 4PM,Psychiatrist
20,Dr. Sanjay Gupta,24,1.6,1,8AM - 10AM,Psychiatrist
21,Dr. Sanjay Gupta,25,1.4,3,3PM - 5PM,Psychiatrist
22,Dr. Priya Sharma,26,4.6,4,5PM - 7PM,Psychiatrist
23,Dr. Sanjay Gupta,27,2.1,0,8AM - 10AM,Psychiatrist
24,Dr. Neha Singh,28,3.0,0,10AM - 12AM,Psychiatrist
25,Dr. Anil Verma,29,4.9,0,11AM - 13AM,Oncologist
26,Dr. Sanjay Gupta,30,0.9,0,12PM - 14PM,Psychiatrist
27,Dr. Rajesh Patel,31,2.8,1,11AM - 13AM,Endocrinologist
28,Dr. Anil Verma,32,0.0,3,10AM - 12AM,Pulmonologist
29,Dr. Sanjay Gupta,34,1.0,2,9PM - 11PM,Psychiatrist
30,Dr. Sanjay Gupta,35,1.6,4,12PM - 14PM,Psychiatrist
31,Dr. Pooja Desai,36,0.6,3,8PM - 10PM,Oncologist
32,Dr. Pooja Desai,37,2.6,4,2AM - 4AM,Endocrinologist
33,Dr. Anil Verma,38,0.4,3,11PM - 13PM,Oncologist
34,Dr. Sanjay Gupta,39,3.1,0,3AM - 5AM,Psychiatrist
35,Dr. Neha Singh,40,2.7,4,4AM - 6AM,Pulmonologist
36,Dr. Manish Shah,41,2.0,3,9AM - 11AM,Endocrinologist
37,Dr. Sanjay Gupta,42,0.1,0,10AM - 12AM,Psychiatrist
38,Dr. Pooja Desai,43,3.4,2,9PM - 11PM,Endocrinologist
39,Dr. Anil Verma,44,2.9,0,11PM - 13PM,Oncologist
40,Dr. Neha Singh,45,3.3,4,3AM - 5AM,Psychiatrist
41,Dr. Pooja Desai,47,5.0,2,7AM - 9AM,Oncologist
42,Dr. Anil Verma,48,0.6,0,1PM - 3PM,Pulmonologist
43,Dr. Priya Sharma,49,1.6,3,9AM - 11AM,Endocrinologist
44,Dr. Pooja Desai,51,1.1,4,12PM - 14PM,Oncologist
45,Dr. Priya Sharma,52,0.8,4,8AM - 10AM,Endocrinologist
46,Dr. Priya Sharma,53,0.5,2,5PM - 7PM,Psychiatrist
47,Dr. Sanjay Gupta,54,3.8,2,1AM - 3AM,Psychiatrist
48,Dr. Pooja Desai,55,4.2,2,9PM - 11PM,Oncologist
49,Dr. Priya Sharma,56,4.7,3,3AM - 5AM,Psychiatrist
50,Dr. Neha Singh,57,3.9,0,5PM - 7PM,Psychiatrist
51,Dr. Anil Verma,58,3.8,2,7AM - 9AM,Oncologist
52,Dr. Anil Verma,59,1.1,0,6AM - 8AM,Pulmonologist
53,Dr. Pooja Desai,60,1.9,4,4AM - 6AM,Endocrinologist
54,Dr. Neha Singh,61,2.6,1,3AM - 5AM,Pulmonologist
55,Dr. Manish Shah,62,2.7,3,7PM - 9PM,Endocrinologist
56,Dr. Neha Singh,63,2.5,2,8PM - 10PM,Pulmonologist
57,Dr. Sanjay Gupta,64,1.8,1,2AM - 4AM,Psychiatrist
58,Dr. Sanjay Gupta,65,4.9,4,8PM - 10PM,Psychiatrist
59,Dr. Manish Shah,66,4.7,0,4AM - 6AM,Endocrinologist
60,Dr. Anil Verma,67,1.6,1,2PM - 4PM,Oncologist
61,Dr. Priya Sharma,68,2.4,4,7PM - 9PM,Endocrinologist
62,Dr. Sanjay Gupta,69,0.9,0,4AM - 6AM,Psychiatrist
63,Dr. Pooja Desai,70,3.6,2,11PM - 13PM,Endocrinologist
64,Dr. Priya Sharma,71,3.8,2,5PM - 7PM,Psychiatrist
65,Dr. Anil Verma,72,2.2,4,8PM - 10PM,Pulmonologist
66,Dr. Anil Verma,73,1.1,0,12AM - 14AM,Pulmonologist
67,Dr. Manish Shah,75,2.7,2,9PM - 11PM,Endocrinologist
68,Dr. Manish Shah,76,0.8,0,12AM - 14AM,Endocrinologist
69,Dr. Neha Singh,77,1.0,1,8PM - 10PM,Pulmonologist
70,Dr. Manish Shah,78,2.2,4,6AM - 8AM,Endocrinologist
71,Dr. Priya Sharma,80,2.3,4,2PM - 4PM,Psychiatrist
72,Dr. Sanjay Gupta,81,2.8,1,1PM - 3PM,Psychiatrist
73,Dr. Sanjay Gupta,82,3.8,0,3AM - 5AM,Psychiatrist
74,Dr. Priya Sharma,83,3.6,3,4PM - 6PM,Endocrinologist
75,Dr. Neha Singh,84,4.2,1,2PM - 4PM,Psychiatrist
76,Dr. Sanjay Gupta,85,0.2,3,2AM - 4AM,Psychiatrist
77,Dr. Anil Verma,86,2.7,4,12PM - 14PM,Pulmonologist
78,Dr. Anil Verma,87,1.1,2,11AM - 13AM,Pulmonologist
79,Dr. Anil Verma,89,0.2,2,7AM - 9AM,Oncologist
80,Dr. Priya Sharma,90,0.7,2,2AM - 4AM,Psychiatrist
81,Dr. Anil Verma,91,3.4,3,5AM - 7AM,Oncologist
82,Dr. Anil Verma,93,4.5,0,5AM - 7AM,Pulmonologist
83,Dr. Priya Sharma,94,1.9,2,2PM - 4PM,Psychiatrist
84,Dr. Priya Sharma,96,1.0,4,7AM - 9AM,Endocrinologist
85,Dr. Anil Verma,97,0.3,4,3AM - 5AM,Pulmonologist
86,Dr. Anil Verma,98,2.6,3,9AM - 11AM,Oncologist
87,Dr. Anil Verma,101,4.3,0,5PM - 7PM,Oncologist
88,Dr. Pooja Desai,103,2.0,4,7PM - 9PM,Endocrinologist
89,Dr. Pooja Desai,104,4.3,4,4AM - 6AM,Oncologist
90,Dr. Anil Verma,105,4.3,2,9AM - 11AM,Pulmonologist
91,Dr. Pooja Desai,106,0.6,3,9AM - 11AM,Oncologist
92,Dr. Sanjay Gupta,107,0.4,4,12PM - 14PM,Psychiatrist
93,Dr. Neha Singh,109,1.0,2,11PM - 13PM,Pulmonologist
94,Dr. Manish Shah,110,4.7,4,9AM - 11AM,Endocrinologist
95,Dr. Priya Sharma,111,4.9,0,6PM - 8PM,Psychiatrist
96,Dr. Pooja Desai,112,3.4,3,9PM - 11PM,Oncologist
97,Dr. Manish Shah,113,4.7,1,5AM - 7AM,Endocrinologist
98,Dr. Priya Sharma,114,2.5,1,10AM - 12AM,Endocrinologist
99,Dr. Anil Verma,115,3.5,0,7PM - 9PM,Pulmonologist
100,Dr. Pooja Desai,116,4.1,3,4PM - 6PM,Endocrinologist
101,Dr. Pooja Desai,117,0.8,1,8PM - 10PM,Oncologist
102,Dr. Neha Singh,118,0.2,3,8PM - 10PM,Psychiatrist
103,Dr. Manish Shah,119,1.7,3,10AM - 12AM,Endocrinologist
104,Dr. Anil Verma,120,4.2,1,7AM - 9AM,Oncologist
105,Dr. Sanjay Gupta,121,1.6,3,11PM - 13PM,Psychiatrist
106,Dr. Priya Sharma,122,3.8,2,4AM - 6AM,Psychiatrist
107,Dr. Pooja Desai,123,1.1,1,9PM - 11PM,Oncologist
108,Dr. Sanjay Gupta,124,3.4,2,12PM - 14PM,Psychiatrist
109,Dr. Neha Singh,125,0.9,2,6PM - 8PM,Pulmonologist
110,Dr. Rajesh Patel,126,0.8,1,12PM - 14PM,Endocrinologist
111,Dr. Sanjay Gupta,127,2.7,0,7AM - 9AM,Psychiatrist
112,Dr. Neha Singh,128,3.7,4,11PM - 13PM,Pulmonologist
113,Dr. Priya Sharma,129,4.3,1,8AM - 10AM,Psychiatrist
114,Dr. Rajesh Patel,130,3.5,0,1PM - 3PM,Endocrinologist
115,Dr. Priya Sharma,132,2.8,4,6PM - 8PM,Endocrinologist
116,Dr. Sanjay Gupta,133,4.2,3,1AM - 3AM,Psychiatrist
117,Dr. Pooja Desai,134,0.3,3,7AM - 9AM,Endocrinologist
118,Dr. Manish Shah,135,1.5,3,12AM - 14AM,Endocrinologist
119,Dr. Anil Verma,136,2.6,2,4PM - 6PM,Pulmonologist
120,Dr. Priya Sharma,137,1.0,0,3AM - 5AM,Endocrinologist
121,Dr. Rajesh Patel,141,1.1,0,7PM - 9PM,Endocrinologist
122,Dr. Pooja Desai,142,3.0,0,8AM - 10AM,Oncologist
123,Dr. Sanjay Gupta,143,0.7,2,10AM - 12AM,Psychiatrist
124,Dr. Sanjay Gupta,144,2.1,1,2AM - 4AM,Psychiatrist
125,Dr. Sanjay Gupta,145,3.3,0,2AM - 4AM,Psychiatrist
126,Dr. Priya Sharma,146,3.6,0,6AM - 8AM,Psychiatrist
127,Dr. Anil Verma,147,4.3,2,10PM - 12PM,Pulmonologist
128,Dr. Pooja Desai,148,1.0,2,12AM - 14AM,Oncologist
129,Dr. Sanjay Gupta,149,4.4,4,12AM - 14AM,Psychiatrist
130,Dr. Pooja Desai,150,4.7,4,4PM - 6PM,Endocrinologist
131,Dr. Neha Singh,152,0.3,1,8AM - 10AM,Pulmonologist
132,Dr. Sanjay Gupta,153,4.3,1,12PM - 14PM,Psychiatrist
133,Dr. Pooja Desai,154,3.0,0,10AM - 12AM,Oncologist
134,Dr. Sanjay Gupta,155,2.2,2,7PM - 9PM,Psychiatrist
135,Dr. Neha Singh,157,1.2,1,2PM - 4PM,Pulmonologist
136,Dr. Pooja Desai,158,2.8,4,10PM - 12PM,Endocrinologist
137,Dr. Neha Singh,159,1.4,0,10PM - 12PM,Pulmonologist
138,Dr. Anil Verma,160,3.9,1,4PM - 6PM,Oncologist
139,Dr. Rajesh Patel,161,0.8,4,9AM - 11AM,Endocrinologist
140,Dr. Rajesh Patel,162,4.3,4,4PM - 6PM,Endocrinologist
141,Dr. Manish Shah,163,3.0,3,12PM - 14PM,Endocrinologist
142,Dr. Neha Singh,164,1.3,3,4PM - 6PM,Pulmonologist
143,Dr. Anil Verma,165,1.2,2,3PM - 5PM,Oncologist
144,Dr. Sanjay Gupta,167,0.4,4,1PM - 3PM,Psychiatrist
145,Dr. Neha Singh,168,0.9,0,9AM - 11AM,Psychiatrist
146,Dr. Manish Shah,169,0.3,0,6PM - 8PM,Endocrinologist
147,Dr. Pooja Desai,170,2.8,2,11PM - 13PM,Oncologist
148,Dr. Anil Verma,171,3.6,4,9PM - 11PM,Pulmonologist
149,Dr. Pooja Desai,172,0.8,4,2PM - 4PM,Oncologist
150,Dr. Pooja Desai,174,0.2,0,6AM - 8AM,Endocrinologist
151,Dr. Manish Shah,175,2.6,3,1AM - 3AM,Endocrinologist
152,Dr. Sanjay Gupta,176,4.4,0,11PM - 13PM,Psychiatrist
153,Dr. Sanjay Gupta,178,1.0,4,2PM - 4PM,Psychiatrist
154,Dr. Manish Shah,179,2.1,2,6PM - 8PM,Endocrinologist
155,Dr. Neha Singh,180,4.8,0,12PM - 14PM,Pulmonologist
156,Dr. Sanjay Gupta,181,3.6,4,5PM - 7PM,Psychiatrist
157,Dr. Sanjay Gupta,182,3.5,1,9AM - 11AM,Psychiatrist
158,Dr. Pooja Desai,184,3.6,1,3PM - 5PM,Oncologist
159,Dr. Neha Singh,185,4.1,2,9AM - 11AM,Psychiatrist
160,Dr. Anil Verma,186,2.2,0,12PM - 14PM,Oncologist
161,Dr. Manish Shah,187,2.7,2,5PM - 7PM,Endocrinologist
162,Dr. Pooja Desai,188,2.0,3,7AM - 9AM,Oncologist
163,Dr. Pooja Desai,189,1.1,1,10PM - 12PM,Oncologist
164,Dr. Sanjay Gupta,190,3.9,3,3PM - 5PM,Psychiatrist
165,Dr. Neha Singh,191,4.9,2,10PM - 12PM,Pulmonologist
166,Dr. Sanjay Gupta,194,3.5,2,11PM - 13PM,Psychiatrist
167,Dr. Neha Singh,195,1.5,0,7AM - 9AM,Psychiatrist
168,Dr. Pooja Desai,196,1.4,4,1PM - 3PM,Oncologist
169,Dr. Sanjay Gupta,197,3.9,1,11PM - 13PM,Psychiatrist
170,Dr. Pooja Desai,198,1.3,4,11AM - 13AM,Endocrinologist
171,Dr. Anil Verma,199,3.9,4,11PM - 13PM,Pulmonologist
172,Dr. Manish Shah,200,1.8,0,9PM - 11PM,Endocrinologist
173,Dr. Priya Sharma,201,4.1,3,5AM - 7AM,Psychiatrist
174,Dr. Neha Singh,202,3.8,0,4AM - 6AM,Pulmonologist
175,Dr. Sanjay Gupta,203,0.7,2,7PM - 9PM,Psychiatrist
176,Dr. Anil Verma,204,0.2,3,3PM - 5PM,Pulmonologist
177,Dr. Neha Singh,205,5.0,2,8AM - 10AM,Pulmonologist
178,Dr. Neha Singh,207,3.5,4,9PM - 11PM,Pulmonologist
179,Dr. Rajesh Patel,208,0.8,2,3AM - 5AM,Endocrinologist
180,Dr. Sanjay Gupta,210,4.5,4,9PM - 11PM,Psychiatrist
181,Dr. Sanjay Gupta,211,0.6,0,12PM - 14PM,Psychiatrist
182,Dr. Neha Singh,212,3.8,1,6PM - 8PM,Pulmonologist
183,Dr. Neha Singh,213,4.2,0,1AM - 3AM,Pulmonologist
184,Dr. Sanjay Gupta,214,2.7,1,10PM - 12PM,Psychiatrist
185,Dr. Neha Singh,215,2.7,4,11AM - 13AM,Pulmonologist
186,Dr. Sanjay Gupta,217,2.3,1,1PM - 3PM,Psychiatrist
187,Dr. Rajesh Patel,218,2.0,2,8PM - 10PM,Endocrinologist
188,Dr. Manish Shah,219,2.6,0,6AM - 8AM,Endocrinologist
189,Dr. Pooja Desai,220,0.3,2,9PM - 11PM,Oncologist
190,Dr. Sanjay Gupta,221,2.3,0,8AM - 10AM,Psychiatrist
191,Dr. Sanjay Gupta,222,4.3,0,8PM - 10PM,Psychiatrist
192,Dr. Rajesh Patel,223,0.1,1,11AM - 13AM,Endocrinologist
193,Dr. Anil Verma,224,1.0,3,10AM - 12AM,Pulmonologist
194,Dr. Pooja Desai,225,1.8,3,12PM - 14PM,Endocrinologist
195,Dr. Neha Singh,226,0.1,0,7AM - 9AM,Psychiatrist
196,Dr. Sanjay Gupta,227,1.1,4,3PM - 5PM,Psychiatrist
197,Dr. Priya Sharma,228,1.2,0,1AM - 3AM,Endocrinologist
198,Dr. Priya Sharma,229,1.4,1,7AM - 9AM,Endocrinologist
199,Dr. Priya Sharma,230,2.2,1,8PM - 10PM,Endocrinologist
200,Dr. Sanjay Gupta,231,2.6,1,9PM - 11PM,Psychiatrist
201,Dr. Priya Sharma,234,1.1,1,9PM - 11PM,Endocrinologist
202,Dr. Sanjay Gupta,235,0.3,1,5AM - 7AM,Psychiatrist
203,Dr. Neha Singh,237,1.5,4,5AM - 7AM,Psychiatrist
204,Dr. Pooja Desai,238,0.4,3,8PM - 10PM,Oncologist
205,Dr. Neha Singh,239,2.7,1,12AM - 14AM,Pulmonologist
206,Dr. Neha Singh,240,4.6,1,3PM - 5PM,Psychiatrist
207,Dr. Rajesh Patel,241,1.1,0,11AM - 13AM,Endocrinologist
208,Dr. Anil Verma,242,2.3,4,4AM - 6AM,Pulmonologist
209,Dr. Priya Sharma,243,4.1,0,7PM - 9PM,Psychiatrist
210,Dr. Sanjay Gupta,244,1.9,0,8PM - 10PM,Psychiatrist
211,Dr. Priya Sharma,246,4.5,2,3AM - 5AM,Endocrinologist
212,Dr. Priya Sharma,247,4.9,0,3PM - 5PM,Psychiatrist
213,Dr. Priya Sharma,249,1.5,4,10PM - 12PM,Endocrinologist
214,Dr. Neha Singh,250,3.5,3,6AM - 8AM,Psychiatrist
215,Dr. Priya Sharma,251,4.8,2,4PM - 6PM,Endocrinologist
216,Dr. Sanjay Gupta,252,2.9,0,7AM - 9AM,Psychiatrist
217,Dr. Rajesh Patel,253,1.8,2,2AM - 4AM,Endocrinologist
218,Dr. Priya Sharma,254,2.4,1,8PM - 10PM,Psychiatrist
219,Dr. Pooja Desai,256,3.0,0,1AM - 3AM,Endocrinologist
220,Dr. Neha Singh,257,2.0,0,12PM - 14PM,Pulmonologist
221,Dr. Neha Singh,261,1.1,3,11AM - 13AM,Psychiatrist
222,Dr. Rajesh Patel,262,0.6,4,10AM - 12AM,Endocrinologist
223,Dr. Neha Singh,263,4.1,2,12PM - 14PM,Psychiatrist
224,Dr. Neha Singh,264,0.9,3,10PM - 12PM,Pulmonologist
225,Dr. Priya Sharma,265,1.2,3,1AM - 3AM,Endocrinologist
226,Dr. Priya Sharma,266,1.9,1,7AM - 9AM,Psychiatrist
227,Dr. Pooja Desai,267,0.5,3,2AM - 4AM,Oncologist
228,Dr. Pooja Desai,268,1.6,3,10AM - 12AM,Endocrinologist
229,Dr. Neha Singh,270,0.9,4,12AM - 14AM,Pulmonologist
230,Dr. Priya Sharma,271,0.2,1,6PM - 8PM,Psychiatrist
231,Dr. Anil Verma,273,0.3,1,2PM - 4PM,Oncologist
232,Dr. Neha Singh,274,0.9,2,8AM - 10AM,Psychiatrist
233,Dr. Anil Verma,275,0.0,2,9PM - 11PM,Oncologist
234,Dr. Sanjay Gupta,276,1.1,2,12PM - 14PM,Psychiatrist
235,Dr. Anil Verma,277,2.6,0,11PM - 13PM,Oncologist
236,Dr. Priya Sharma,278,1.5,3,1PM - 3PM,Psychiatrist
237,Dr. Priya Sharma,279,2.6,3,7AM - 9AM,Endocrinologist
238,Dr. Anil Verma,280,3.0,3,2AM - 4AM,Pulmonologist
239,Dr. Neha Singh,281,2.7,2,6AM - 8AM,Psychiatrist
240,Dr. Pooja Desai,282,3.4,2,3PM - 5PM,Oncologist
241,Dr. Neha Singh,283,0.1,3,4PM - 6PM,Pulmonologist
242,Dr. Priya Sharma,284,1.0,2,7PM - 9PM,Psychiatrist
243,Dr. Anil Verma,285,4.1,0,10AM - 12AM,Pulmonologist
244,Dr. Anil Verma,286,1.6,2,7AM - 9AM,Pulmonologist
245,Dr. Sanjay Gupta,289,0.7,2,7PM - 9PM,Psychiatrist
246,Dr. Sanjay Gupta,290,1.3,3,10AM - 12AM,Psychiatrist
247,Dr. Neha Singh,291,0.7,1,5AM - 7AM,Pulmonologist
248,Dr. Sanjay Gupta,292,3.4,0,6PM - 8PM,Psychiatrist
249,Dr. Neha Singh,295,4.6,4,1AM - 3AM,Pulmonologist
250,Dr. Pooja Desai,296,2.2,2,2PM - 4PM,Endocrinologist
251,Dr. Pooja Desai,297,4.3,3,3PM - 5PM,Endocrinologist
252,Dr. Priya Sharma,298,4.4,4,2PM - 4PM,Endocrinologist
253,Dr. Neha Singh,299,1.5,1,5PM - 7PM,Psychiatrist
254,Dr. Priya Sharma,301,2.1,0,8PM - 10PM,Endocrinologist
255,Dr. Priya Sharma,302,2.6,0,6PM - 8PM,Endocrinologist
256,Dr. Pooja Desai,303,2.2,0,8PM - 10PM,Oncologist
257,Dr. Pooja Desai,304,2.4,0,9PM - 11PM,Endocrinologist
258,Dr. Neha Singh,305,3.9,0,4AM - 6AM,Pulmonologist
259,Dr. Priya Sharma,306,3.8,1,9AM - 11AM,Endocrinologist
260,Dr. Sanjay Gupta,307,2.4,0,4AM - 6AM,Psychiatrist
261,Dr. Rajesh Patel,309,4.1,4,2AM - 4AM,Endocrinologist
262,Dr. Manish Shah,311,3.9,2,10PM - 12PM,Endocrinologist
263,Dr. Anil Verma,312,1.0,4,11PM - 13PM,Oncologist
264,Dr. Manish Shah,313,1.2,2,5AM - 7AM,Endocrinologist
265,Dr. Neha Singh,314,4.2,4,11PM - 13PM,Pulmonologist
266,Dr. Neha Singh,316,0.9,0,9AM - 11AM,Psychiatrist
267,Dr. Neha Singh,317,1.8,2,1AM - 3AM,Psychiatrist
268,Dr. Pooja Desai,318,3.8,1,6AM - 8AM,Oncologist
269,Dr. Sanjay Gupta,319,0.4,3,5PM - 7PM,Psychiatrist
270,Dr. Pooja Desai,320,1.1,3,1PM - 3PM,Endocrinologist
271,Dr. Anil Verma,322,3.3,2,11PM - 13PM,Oncologist
272,Dr. Priya Sharma,323,2.7,3,3PM - 5PM,Endocrinologist
273,Dr. Priya Sharma,324,2.0,3,5AM - 7AM,Psychiatrist
274,Dr. Anil Verma,325,4.5,4,9PM - 11PM,Oncologist
275,Dr. Rajesh Patel,326,3.3,2,11PM - 13PM,Endocrinologist
276,Dr. Pooja Desai,330,3.5,3,3AM - 5AM,Oncologist
277,Dr. Priya Sharma,331,2.3,2,6PM - 8PM,Psychiatrist
278,Dr. Neha Singh,332,4.4,4,10AM - 12AM,Psychiatrist
279,Dr. Pooja Desai,334,0.5,1,9AM - 11AM,Oncologist
280,Dr. Sanjay Gupta,335,3.9,3,12AM - 14AM,Psychiatrist
281,Dr. Anil Verma,336,2.5,0,8AM - 10AM,Oncologist
282,Dr. Sanjay Gupta,337,0.3,1,5PM - 7PM,Psychiatrist
283,Dr. Priya Sharma,338,2.2,1,5AM - 7AM,Endocrinologist
284,Dr. Neha Singh,339,3.6,2,2PM - 4PM,Pulmonologist
285,Dr. Sanjay Gupta,340,1.9,4,4PM - 6PM,Psychiatrist
286,Dr. Pooja Desai,341,0.4,1,4AM - 6AM,Endocrinologist
287,Dr. Priya Sharma,342,1.2,3,12AM - 14AM,Endocrinologist
288,Dr. Anil Verma,343,0.3,3,6PM - 8PM,Oncologist
289,Dr. Anil Verma,344,0.9,3,2AM - 4AM,Oncologist
290,Dr. Neha Singh,345,0.2,0,7AM - 9AM,Pulmonologist
291,Dr. Priya Sharma,346,2.1,0,2AM - 4AM,Endocrinologist
292,Dr. Sanjay Gupta,348,0.0,2,1PM - 3PM,Psychiatrist
293,Dr. Pooja Desai,349,3.2,0,11PM - 13PM,Endocrinologist
294,Dr. Sanjay Gupta,350,1.3,2,8AM - 10AM,Psychiatrist
295,Dr. Anil Verma,351,4.4,1,9PM - 11PM,Pulmonologist
296,Dr. Anil Verma,352,1.3,0,3PM - 5PM,Oncologist
297,Dr. Pooja Desai,353,0.0,4,2PM - 4PM,Endocrinologist
298,Dr. Anil Verma,354,0.4,1,3PM - 5PM,Pulmonologist
299,Dr. Priya Sharma,355,3.6,3,10AM - 12AM,Endocrinologist
300,Dr. Pooja Desai,356,2.6,3,10PM - 12PM,Oncologist
301,Dr. Sanjay Gupta,357,0.1,3,10PM - 12PM,Psychiatrist
302,Dr. Neha Singh,358,2.4,4,6PM - 8PM,Psychiatrist
303,Dr. Neha Singh,359,2.2,2,10AM - 12AM,Psychiatrist
304,Dr. Rajesh Patel,360,0.1,4,11AM - 13AM,Endocrinologist
305,Dr. Anil Verma,361,0.9,1,1AM - 3AM,Oncologist
306,Dr. Sanjay Gupta,362,2.9,2,1PM - 3PM,Psychiatrist
307,Dr. Sanjay Gupta,364,1.9,1,2AM - 4AM,Psychiatrist
308,Dr. Anil Verma,365,4.9,1,11AM - 13AM,Pulmonologist
309,Dr. Neha Singh,366,4.9,4,10PM - 12PM,Pulmonologist
310,Dr. Neha Singh,368,4.4,4,4PM - 6PM,Psychiatrist
311,Dr. Anil Verma,369,1.0,3,8PM - 10PM,Oncologist
312,Dr. Manish Shah,370,3.6,4,9PM - 11PM,Endocrinologist
313,Dr. Priya Sharma,372,2.4,2,11PM - 13PM,Psychiatrist
314,Dr. Priya Sharma,374,1.5,3,2AM - 4AM,Endocrinologist
315,Dr. Manish Shah,375,1.4,0,8PM - 10PM,Endocrinologist
316,Dr. Priya Sharma,377,0.2,1,5AM - 7AM,Endocrinologist
317,Dr. Sanjay Gupta,378,1.4,4,10PM - 12PM,Psychiatrist
318,Dr. Manish Shah,379,1.8,1,2PM - 4PM,Endocrinologist
319,Dr. Anil Verma,381,1.0,0,2AM - 4AM,Pulmonologist
320,Dr. Priya Sharma,382,2.9,1,5AM - 7AM,Psychiatrist
321,Dr. Sanjay Gupta,383,2.5,1,11AM - 13AM,Psychiatrist
322,Dr. Sanjay Gupta,384,4.9,1,4AM - 6AM,Psychiatrist
323,Dr. Anil Verma,385,4.9,4,12AM - 14AM,Pulmonologist
324,Dr. Anil Verma,387,3.4,2,11AM - 13AM,Oncologist
325,Dr. Manish Shah,388,4.4,3,12PM - 14PM,Endocrinologist
326,Dr. Anil Verma,390,1.7,2,1AM - 3AM,Oncologist
327,Dr. Pooja Desai,391,2.5,4,6AM - 8AM,Endocrinologist
328,Dr. Priya Sharma,392,1.1,3,11PM - 13PM,Psychiatrist
329,Dr. Neha Singh,393,4.1,1,12PM - 14PM,Psychiatrist
330,Dr. Neha Singh,394,4.6,4,5AM - 7AM,Pulmonologist
331,Dr. Pooja Desai,395,3.6,0,4PM - 6PM,Oncologist
332,Dr. Anil Verma,397,1.3,0,8PM - 10PM,Pulmonologist
333,Dr. Sanjay Gupta,398,2.7,2,10AM - 12AM,Psychiatrist
334,Dr. Pooja Desai,400,0.1,1,8AM - 10AM,Oncologist
335,Dr. Rajesh Patel,404,4.3,0,4AM - 6AM,Endocrinologist
336,Dr. Neha Singh,405,3.2,2,3PM - 5PM,Pulmonologist
337,Dr. Sanjay Gupta,406,3.3,0,8PM - 10PM,Psychiatrist
338,Dr. Priya Sharma,407,0.7,2,10PM - 12PM,Endocrinologist
339,Dr. Priya Sharma,409,3.4,0,10PM - 12PM,Psychiatrist
340,Dr. Priya Sharma,410,5.0,4,1AM - 3AM,Endocrinologist
341,Dr. Sanjay Gupta,411,4.1,1,9PM - 11PM,Psychiatrist
342,Dr. Neha Singh,412,4.7,0,12PM - 14PM,Pulmonologist
343,Dr. Anil Verma,414,3.1,4,12PM - 14PM,Oncologist
344,Dr. Neha Singh,415,1.7,3,4AM - 6AM,Pulmonologist
345,Dr. Pooja Desai,416,2.7,2,9AM - 11AM,Oncologist
346,Dr. Anil Verma,417,4.7,4,6AM - 8AM,Oncologist
347,Dr. Pooja Desai,418,0.2,0,11AM - 13AM,Endocrinologist
348,Dr. Anil Verma,419,3.2,0,2PM - 4PM,Pulmonologist
349,Dr. Rajesh Patel,420,4.8,2,9PM - 11PM,Endocrinologist
350,Dr. Priya Sharma,421,0.1,4,9AM - 11AM,Endocrinologist
351,Dr. Sanjay Gupta,422,4.0,2,8PM - 10PM,Psychiatrist
352,Dr. Pooja Desai,423,2.6,3,12PM - 14PM,Oncologist
353,Dr. Manish Shah,424,3.9,3,11AM - 13AM,Endocrinologist
354,Dr. Anil Verma,425,4.9,0,1AM - 3AM,Oncologist
355,Dr. Rajesh Patel,426,2.3,1,1AM - 3AM,Endocrinologist
356,Dr. Priya Sharma,427,4.0,0,9AM - 11AM,Endocrinologist
357,Dr. Pooja Desai,428,4.3,2,10AM - 12AM,Endocrinologist
358,Dr. Anil Verma,429,3.3,2,11PM - 13PM,Pulmonologist
359,Dr. Priya Sharma,431,3.8,1,2AM - 4AM,Endocrinologist
360,Dr. Anil Verma,432,3.8,2,1PM - 3PM,Oncologist
361,Dr. Sanjay Gupta,433,1.6,4,5PM - 7PM,Psychiatrist
362,Dr. Pooja Desai,434,2.0,0,6AM - 8AM,Oncologist
363,Dr. Anil Verma,435,0.6,4,1AM - 3AM,Oncologist
364,Dr. Neha Singh,436,0.5,4,12AM - 14AM,Pulmonologist
365,Dr. Pooja Desai,437,0.1,1,8AM - 10AM,Endocrinologist
366,Dr. Manish Shah,438,1.6,0,10PM - 12PM,Endocrinologist
367,Dr. Rajesh Patel,439,1.5,1,12PM - 14PM,Endocrinologist
368,Dr. Manish Shah,440,4.9,1,2AM - 4AM,Endocrinologist
369,Dr. Neha Singh,441,1.5,4,6AM - 8AM,Psychiatrist
370,Dr. Pooja Desai,442,1.6,1,6AM - 8AM,Endocrinologist
371,Dr. Neha Singh,444,1.9,0,12PM - 14PM,Psychiatrist
372,Dr. Rajesh Patel,445,1.8,4,4PM - 6PM,Endocrinologist
373,Dr. Sanjay Gupta,446,2.1,2,2AM - 4AM,Psychiatrist
374,Dr. Anil Verma,447,2.8,1,2PM - 4PM,Oncologist
375,Dr. Sanjay Gupta,448,4.8,4,12AM - 14AM,Psychiatrist
376,Dr. Anil Verma,449,3.9,0,11PM - 13PM,Oncologist
377,Dr. Priya Sharma,450,3.9,0,9PM - 11PM,Endocrinologist
378,Dr. Pooja Desai,451,1.1,4,11PM - 13PM,Oncologist
379,Dr. Pooja Desai,452,4.3,3,3PM - 5PM,Endocrinologist
380,Dr. Rajesh Patel,453,3.0,4,8AM - 10AM,Endocrinologist
381,Dr. Anil Verma,454,2.4,2,9AM - 11AM,Oncologist
382,Dr. Anil Verma,455,3.5,2,5AM - 7AM,Pulmonologist
383,Dr. Pooja Desai,456,2.4,0,6AM - 8AM,Oncologist
384,Dr. Pooja Desai,457,2.6,0,9AM - 11AM,Endocrinologist
385,Dr. Manish Shah,458,1.7,1,2AM - 4AM,Endocrinologist
386,Dr. Sanjay Gupta,459,4.2,1,9AM - 11AM,Psychiatrist
387,Dr. Neha Singh,462,4.4,0,8PM - 10PM,Pulmonologist
388,Dr. Priya Sharma,463,4.8,0,11PM - 13PM,Psychiatrist
389,Dr. Manish Shah,465,4.5,1,6PM - 8PM,Endocrinologist
390,Dr. Anil Verma,466,0.1,1,7PM - 9PM,Pulmonologist
391,Dr. Sanjay Gupta,467,2.6,0,11PM - 13PM,Psychiatrist
392,Dr. Rajesh Patel,468,0.5,3,5PM - 7PM,Endocrinologist
393,Dr. Anil Verma,469,0.9,2,3AM - 5AM,Pulmonologist
394,Dr. Anil Verma,470,1.2,0,10PM - 12PM,Oncologist
395,Dr. Priya Sharma,471,4.1,0,9PM - 11PM,Psychiatrist
396,Dr. Pooja Desai,472,3.8,1,9AM - 11AM,Endocrinologist
397,Dr. Neha Singh,473,4.3,3,3AM - 5AM,Psychiatrist
398,Dr. Sanjay Gupta,474,2.7,0,7PM - 9PM,Psychiatrist
399,Dr. Neha Singh,475,0.7,2,2AM - 4AM,Pulmonologist
400,Dr. Neha Singh,476,3.0,3,3AM - 5AM,Pulmonologist
401,Dr. Sanjay Gupta,477,1.6,1,12AM - 14AM,Psychiatrist
402,Dr. Rajesh Patel,478,4.9,4,6AM - 8AM,Endocrinologist
403,Dr. Sanjay Gupta,479,4.8,0,5PM - 7PM,Psychiatrist
404,Dr. Sanjay Gupta,480,5.0,1,3AM - 5AM,Psychiatrist
405,Dr. Anil Verma,481,4.0,4,9AM - 11AM,Oncologist
406,Dr. Pooja Desai,482,3.3,2,6PM - 8PM,Oncologist
407,Dr. Anil Verma,483,1.2,0,12PM - 14PM,Oncologist
408,Dr. Anil Verma,485,3.5,2,3PM - 5PM,Pulmonologist
409,Dr. Manish Shah,486,3.9,3,5AM - 7AM,Endocrinologist
410,Dr. Pooja Desai,487,4.1,4,5PM - 7PM,Endocrinologist
411,Dr. Rajesh Patel,488,2.1,0,5PM - 7PM,Endocrinologist
412,Dr. Priya Sharma,489,2.6,1,3PM - 5PM,Endocrinologist
413,Dr. Pooja Desai,491,1.2,3,12AM - 14AM,Endocrinologist
414,Dr. Priya Sharma,492,2.3,4,7PM - 9PM,Psychiatrist
415,Dr. Pooja Desai,493,3.6,2,5PM - 7PM,Endocrinologist
416,Dr. Manish Shah,494,1.6,1,10PM - 12PM,Endocrinologist
417,Dr. Rajesh Patel,495,4.7,2,4PM - 6PM,Endocrinologist
418,Dr. Neha Singh,496,1.9,0,6PM - 8PM,Psychiatrist
419,Dr. Pooja Desai,498,0.3,2,2AM - 4AM,Endocrinologist
420,Dr. Neha Singh,500,0.6,2,6AM - 8AM,Pulmonologist
421,Dr. Pooja Desai,501,0.4,1,9PM - 11PM,Endocrinologist
422,Dr. Manish Shah,502,4.3,1,7PM - 9PM,Endocrinologist
423,Dr. Manish Shah,503,2.9,0,11PM - 13PM,Endocrinologist
424,Dr. Priya Sharma,504,3.9,3,1PM - 3PM,Psychiatrist
425,Dr. Pooja Desai,505,0.7,2,10PM - 12PM,Endocrinologist
426,Dr. Priya Sharma,506,2.5,4,10AM - 12AM,Psychiatrist
427,Dr. Priya Sharma,507,2.3,3,10AM - 12AM,Endocrinologist
428,Dr. Rajesh Patel,509,1.1,3,10AM - 12AM,Endocrinologist
429,Dr. Priya Sharma,511,0.8,4,3PM - 5PM,Psychiatrist
430,Dr. Priya Sharma,512,3.0,2,8PM - 10PM,Endocrinologist
431,Dr. Pooja Desai,513,4.6,2,4AM - 6AM,Endocrinologist
432,Dr. Anil Verma,514,4.5,2,7AM - 9AM,Oncologist
433,Dr. Anil Verma,515,0.0,2,2AM - 4AM,Pulmonologist
434,Dr. Sanjay Gupta,516,0.8,3,7PM - 9PM,Psychiatrist
435,Dr. Sanjay Gupta,517,1.8,2,12AM - 14AM,Psychiatrist
436,Dr. Pooja Desai,518,2.3,2,11AM - 13AM,Oncologist
437,Dr. Priya Sharma,520,2.6,1,6AM - 8AM,Endocrinologist
438,Dr. Priya Sharma,521,4.3,0,8PM - 10PM,Endocrinologist
439,Dr. Sanjay Gupta,522,3.5,3,2PM - 4PM,Psychiatrist
440,Dr. Sanjay Gupta,524,0.1,1,7PM - 9PM,Psychiatrist
441,Dr. Neha Singh,527,0.1,2,3AM - 5AM,Psychiatrist
442,Dr. Sanjay Gupta,528,3.0,4,11AM - 13AM,Psychiatrist
443,Dr. Sanjay Gupta,530,0.1,2,8AM - 10AM,Psychiatrist
444,Dr. Priya Sharma,531,2.8,0,5AM - 7AM,Endocrinologist
445,Dr. Priya Sharma,532,0.7,2,4PM - 6PM,Psychiatrist
446,Dr. Priya Sharma,533,4.7,2,5PM - 7PM,Endocrinologist
447,Dr. Neha Singh,534,2.8,2,10AM - 12AM,Pulmonologist
448,Dr. Anil Verma,535,2.7,3,11AM - 13AM,Oncologist
449,Dr. Sanjay Gupta,536,3.2,2,8AM - 10AM,Psychiatrist
450,Dr. Sanjay Gupta,537,1.9,1,6AM - 8AM,Psychiatrist
451,Dr. Neha Singh,538,0.7,0,4AM - 6AM,Psychiatrist
452,Dr. Priya Sharma,539,1.2,4,7AM - 9AM,Psychiatrist
453,Dr. Neha Singh,540,2.2,3,12PM - 14PM,Psychiatrist
454,Dr. Rajesh Patel,541,2.1,1,6PM - 8PM,Endocrinologist
455,Dr. Pooja Desai,542,3.1,0,1AM - 3AM,Oncologist
456,Dr. Neha Singh,543,0.3,1,5AM - 7AM,Pulmonologist
457,Dr. Sanjay Gupta,544,2.8,0,8PM - 10PM,Psychiatrist
458,Dr. Anil Verma,545,4.2,0,2PM - 4PM,Oncologist
459,Dr. Rajesh Patel,546,1.3,1,9PM - 11PM,Endocrinologist
460,Dr. Anil Verma,547,2.3,2,3AM - 5AM,Oncologist
461,Dr. Sanjay Gupta,549,1.4,0,7PM - 9PM,Psychiatrist
462,Dr. Manish Shah,550,1.8,4,8PM - 10PM,Endocrinologist
463,Dr. Priya Sharma,551,3.6,2,4AM - 6AM,Psychiatrist
464,Dr. Priya Sharma,552,0.4,1,6PM - 8PM,Endocrinologist
465,Dr. Neha Singh,553,2.8,1,4PM - 6PM,Pulmonologist
466,Dr. Rajesh Patel,554,1.5,0,3PM - 5PM,Endocrinologist
467,Dr. Sanjay Gupta,555,0.3,2,7PM - 9PM,Psychiatrist
468,Dr. Priya Sharma,556,1.3,2,5PM - 7PM,Psychiatrist
469,Dr. Rajesh Patel,557,1.5,3,11PM - 13PM,Endocrinologist
470,Dr. Pooja Desai,558,4.4,4,10AM - 12AM,Endocrinologist
471,Dr. Anil Verma,559,3.1,4,10PM - 12PM,Oncologist
472,Dr. Sanjay Gupta,560,0.8,2,10PM - 12PM,Psychiatrist
473,Dr. Sanjay Gupta,562,3.8,3,3AM - 5AM,Psychiatrist
474,Dr. Pooja Desai,563,4.6,2,1PM - 3PM,Oncologist
475,Dr. Sanjay Gupta,564,2.7,4,4PM - 6PM,Psychiatrist
476,Dr. Sanjay Gupta,565,3.8,0,1PM - 3PM,Psychiatrist
477,Dr. Manish Shah,566,2.6,4,4AM - 6AM,Endocrinologist
478,Dr. Sanjay Gupta,567,3.2,0,5AM - 7AM,Psychiatrist
479,Dr. Neha Singh,568,1.6,1,12AM - 14AM,Pulmonologist
480,Dr. Priya Sharma,570,2.2,2,9AM - 11AM,Endocrinologist
481,Dr. Manish Shah,571,4.2,1,3PM - 5PM,Endocrinologist
482,Dr. Priya Sharma,572,2.1,0,12PM - 14PM,Psychiatrist
483,Dr. Anil Verma,573,3.5,1,3PM - 5PM,Pulmonologist
484,Dr. Pooja Desai,574,2.3,0,10AM - 12AM,Endocrinologist
485,Dr. Anil Verma,575,1.7,4,10PM - 12PM,Pulmonologist
486,Dr. Neha Singh,576,4.1,3,8AM - 10AM,Pulmonologist
487,Dr. Rajesh Patel,578,0.5,2,7AM - 9AM,Endocrinologist
488,Dr. Pooja Desai,580,2.0,0,8PM - 10PM,Endocrinologist
489,Dr. Neha Singh,581,2.1,0,3PM - 5PM,Psychiatrist
490,Dr. Priya Sharma,583,4.6,1,3PM - 5PM,Endocrinologist
491,Dr. Neha Singh,584,2.1,3,2AM - 4AM,Pulmonologist
492,Dr. Pooja Desai,585,4.3,2,3AM - 5AM,Endocrinologist
493,Dr. Anil Verma,586,1.4,3,12AM - 14AM,Oncologist
494,Dr. Priya Sharma,587,0.2,3,2AM - 4AM,Psychiatrist
495,Dr. Manish Shah,588,4.3,1,5AM - 7AM,Endocrinologist
496,Dr. Anil Verma,590,1.2,0,4AM - 6AM,Pulmonologist
497,Dr. Neha Singh,591,0.8,3,7PM - 9PM,Pulmonologist
498,Dr. Pooja Desai,592,2.6,3,9PM - 11PM,Endocrinologist
499,Dr. Manish Shah,593,0.3,2,1PM - 3PM,Endocrinologist
500,Dr. Neha Singh,595,3.2,2,2AM - 4AM,Pulmonologist
501,Dr. Sanjay Gupta,596,2.7,1,10PM - 12PM,Psychiatrist
502,Dr. Sanjay Gupta,597,1.7,1,7AM - 9AM,Psychiatrist
503,Dr. Manish Shah,598,2.4,4,2PM - 4PM,Endocrinologist
504,Dr. Priya Sharma,599,1.6,2,7PM - 9PM,Endocrinologist
505,Dr. Pooja Desai,600,4.6,4,9PM - 11PM,Oncologist
506,Dr. Pooja Desai,601,0.2,3,7AM - 9AM,Endocrinologist
507,Dr. Sanjay Gupta,602,4.3,2,12PM - 14PM,Psychiatrist
508,Dr. Anil Verma,603,2.9,2,12PM - 14PM,Pulmonologist
509,Dr. Rajesh Patel,604,2.9,3,11AM - 13AM,Endocrinologist
510,Dr. Priya Sharma,605,0.1,4,6AM - 8AM,Psychiatrist
511,Dr. Priya Sharma,606,1.6,0,1PM - 3PM,Psychiatrist
512,Dr. Rajesh Patel,607,4.8,2,9AM - 11AM,Endocrinologist
513,Dr. Anil Verma,608,2.2,4,1PM - 3PM,Pulmonologist
514,Dr. Priya Sharma,609,1.6,2,12PM - 14PM,Endocrinologist
515,Dr. Anil Verma,610,1.8,4,2PM - 4PM,Oncologist
516,Dr. Anil Verma,614,3.5,0,9AM - 11AM,Pulmonologist
517,Dr. Manish Shah,615,0.0,3,9AM - 11AM,Endocrinologist
518,Dr. Sanjay Gupta,616,3.7,1,11AM - 13AM,Psychiatrist
519,Dr. Rajesh Patel,617,3.7,1,4PM - 6PM,Endocrinologist
520,Dr. Pooja Desai,619,2.7,4,1AM - 3AM,Endocrinologist
521,Dr. Anil Verma,620,3.6,0,4PM - 6PM,Pulmonologist
522,Dr. Pooja Desai,621,3.5,0,8AM - 10AM,Oncologist
523,Dr. Anil Verma,622,2.4,2,6AM - 8AM,Pulmonologist
524,Dr. Pooja Desai,623,0.0,0,6PM - 8PM,Endocrinologist
525,Dr. Priya Sharma,624,1.9,2,1AM - 3AM,Psychiatrist
526,Dr. Anil Verma,625,4.9,3,8AM - 10AM,Pulmonologist
527,Dr. Manish Shah,626,1.0,3,10AM - 12AM,Endocrinologist
528,Dr. Priya Sharma,628,4.5,1,9AM - 11AM,Endocrinologist
529,Dr. Manish Shah,629,0.9,1,5PM - 7PM,Endocrinologist
530,Dr. Manish Shah,630,0.8,2,12AM - 14AM,Endocrinologist
531,Dr. Sanjay Gupta,631,4.4,2,9PM - 11PM,Psychiatrist
532,Dr. Anil Verma,632,1.1,0,11PM - 13PM,Pulmonologist
533,Dr. Priya Sharma,633,3.5,0,7AM - 9AM,Psychiatrist
534,Dr. Anil Verma,634,3.5,4,10PM - 12PM,Pulmonologist
535,Dr. Sanjay Gupta,635,4.0,2,6PM - 8PM,Psychiatrist
536,Dr. Sanjay Gupta,636,4.5,4,7PM - 9PM,Psychiatrist
537,Dr. Neha Singh,637,3.9,2,7AM - 9AM,Psychiatrist
538,Dr. Anil Verma,638,2.1,0,2PM - 4PM,Pulmonologist
539,Dr. Anil Verma,639,3.0,3,9PM - 11PM,Pulmonologist
540,Dr. Anil Verma,640,1.1,0,2PM - 4PM,Pulmonologist
541,Dr. Pooja Desai,641,4.9,2,3PM - 5PM,Oncologist
542,Dr. Pooja Desai,642,1.7,2,8PM - 10PM,Endocrinologist
543,Dr. Pooja Desai,643,4.4,0,3PM - 5PM,Oncologist
544,Dr. Pooja Desai,644,0.4,3,9AM - 11AM,Endocrinologist
545,Dr. Neha Singh,645,1.9,3,3AM - 5AM,Pulmonologist
546,Dr. Pooja Desai,646,0.9,4,8AM - 10AM,Oncologist
547,Dr. Rajesh Patel,647,0.3,2,12PM - 14PM,Endocrinologist
548,Dr. Priya Sharma,648,3.7,3,1AM - 3AM,Endocrinologist
549,Dr. Sanjay Gupta,649,1.0,0,1AM - 3AM,Psychiatrist
550,Dr. Anil Verma,650,2.1,0,12AM - 14AM,Oncologist
551,Dr. Neha Singh,651,3.5,4,5AM - 7AM,Pulmonologist
552,Dr. Sanjay Gupta,652,2.5,1,11PM - 13PM,Psychiatrist
553,Dr. Priya Sharma,653,4.6,0,10AM - 12AM,Psychiatrist
554,Dr. Anil Verma,654,1.9,3,3PM - 5PM,Oncologist
555,Dr. Neha Singh,655,4.0,4,9AM - 11AM,Psychiatrist
556,Dr. Rajesh Patel,656,5.0,3,7PM - 9PM,Endocrinologist
557,Dr. Pooja Desai,657,2.6,4,12PM - 14PM,Endocrinologist
558,Dr. Priya Sharma,658,1.2,4,1AM - 3AM,Psychiatrist
559,Dr. Sanjay Gupta,659,3.8,3,11PM - 13PM,Psychiatrist
560,Dr. Sanjay Gupta,660,4.7,1,6AM - 8AM,Psychiatrist
561,Dr. Sanjay Gupta,661,1.3,3,5AM - 7AM,Psychiatrist
562,Dr. Manish Shah,664,3.1,4,11PM - 13PM,Endocrinologist
563,Dr. Anil Verma,665,0.2,4,4PM - 6PM,Pulmonologist
564,Dr. Sanjay Gupta,666,3.1,4,4PM - 6PM,Psychiatrist
565,Dr. Rajesh Patel,667,3.3,0,5PM - 7PM,Endocrinologist
566,Dr. Pooja Desai,668,3.4,1,8PM - 10PM,Endocrinologist
567,Dr. Neha Singh,669,2.5,0,12AM - 14AM,Pulmonologist
568,Dr. Pooja Desai,670,3.2,4,11AM - 13AM,Oncologist
569,Dr. Sanjay Gupta,671,4.7,1,12PM - 14PM,Psychiatrist
570,Dr. Priya Sharma,672,1.3,2,1AM - 3AM,Psychiatrist
571,Dr. Anil Verma,673,3.2,1,9AM - 11AM,Oncologist
572,Dr. Sanjay Gupta,674,1.7,2,10PM - 12PM,Psychiatrist
573,Dr. Neha Singh,675,1.5,4,8AM - 10AM,Psychiatrist
574,Dr. Pooja Desai,676,0.5,4,4AM - 6AM,Endocrinologist
575,Dr. Priya Sharma,677,3.7,4,8AM - 10AM,Psychiatrist
576,Dr. Sanjay Gupta,678,0.9,2,5PM - 7PM,Psychiatrist
577,Dr. Pooja Desai,679,2.6,1,8PM - 10PM,Endocrinologist
578,Dr. Rajesh Patel,680,1.6,1,12AM - 14AM,Endocrinologist
579,Dr. Manish Shah,681,1.9,2,6AM - 8AM,Endocrinologist
580,Dr. Anil Verma,682,4.0,2,4AM - 6AM,Oncologist
581,Dr. Priya Sharma,683,1.1,3,10AM - 12AM,Endocrinologist
582,Dr. Sanjay Gupta,684,0.4,1,11PM - 13PM,Psychiatrist
583,Dr. Neha Singh,685,4.6,4,5AM - 7AM,Pulmonologist
584,Dr. Neha Singh,686,1.7,2,3PM - 5PM,Psychiatrist
585,Dr. Pooja Desai,687,3.7,1,4AM - 6AM,Oncologist
586,Dr. Neha Singh,688,0.9,4,12AM - 14AM,Psychiatrist
587,Dr. Priya Sharma,689,1.3,2,2PM - 4PM,Endocrinologist
588,Dr. Sanjay Gupta,690,2.1,0,2AM - 4AM,Psychiatrist
589,Dr. Pooja Desai,691,2.8,2,11PM - 13PM,Oncologist
590,Dr. Anil Verma,692,0.3,1,1PM - 3PM,Pulmonologist
591,Dr. Neha Singh,693,0.8,1,1PM - 3PM,Psychiatrist
592,Dr. Priya Sharma,694,1.0,0,3PM - 5PM,Psychiatrist
593,Dr. Priya Sharma,695,2.0,3,3AM - 5AM,Endocrinologist
594,Dr. Rajesh Patel,696,4.2,1,8PM - 10PM,Endocrinologist
595,Dr. Anil Verma,698,3.5,2,5AM - 7AM,Pulmonologist
596,Dr. Sanjay Gupta,699,2.2,2,5AM - 7AM,Psychiatrist
597,Dr. Manish Shah,700,1.2,0,5PM - 7PM,Endocrinologist
598,Dr. Pooja Desai,701,0.7,1,9AM - 11AM,Endocrinologist
599,Dr. Pooja Desai,702,1.2,2,7AM - 9AM,Oncologist
600,Dr. Priya Sharma,703,4.2,2,9AM - 11AM,Endocrinologist
601,Dr. Sanjay Gupta,704,4.5,0,2AM - 4AM,Psychiatrist
602,Dr. Manish Shah,705,1.4,0,2AM - 4AM,Endocrinologist
603,Dr. Rajesh Patel,706,3.9,2,5AM - 7AM,Endocrinologist
604,Dr. Sanjay Gupta,707,1.2,0,12AM - 14AM,Psychiatrist
605,Dr. Anil Verma,708,3.7,3,5AM - 7AM,Oncologist
606,Dr. Pooja Desai,709,2.7,4,9PM - 11PM,Oncologist
607,Dr. Neha Singh,710,1.4,1,9PM - 11PM,Psychiatrist
608,Dr. Sanjay Gupta,712,1.3,1,11PM - 13PM,Psychiatrist
609,Dr. Rajesh Patel,713,3.7,2,9AM - 11AM,Endocrinologist
610,Dr. Priya Sharma,714,1.6,4,2PM - 4PM,Psychiatrist
611,Dr. Pooja Desai,716,2.8,1,4AM - 6AM,Oncologist
612,Dr. Pooja Desai,717,0.3,4,2PM - 4PM,Oncologist
613,Dr. Anil Verma,719,2.2,3,10PM - 12PM,Oncologist
614,Dr. Priya Sharma,720,2.0,0,6PM - 8PM,Psychiatrist
615,Dr. Priya Sharma,721,2.9,3,4AM - 6AM,Endocrinologist
616,Dr. Priya Sharma,722,1.8,1,8PM - 10PM,Psychiatrist
617,Dr. Pooja Desai,723,1.6,2,9PM - 11PM,Oncologist
618,Dr. Priya Sharma,724,3.2,1,4AM - 6AM,Psychiatrist
619,Dr. Sanjay Gupta,725,3.0,3,2PM - 4PM,Psychiatrist
620,Dr. Rajesh Patel,728,0.7,1,10PM - 12PM,Endocrinologist
621,Dr. Pooja Desai,731,2.4,0,2AM - 4AM,Oncologist
622,Dr. Neha Singh,732,1.2,4,11PM - 13PM,Psychiatrist
623,Dr. Priya Sharma,734,3.3,4,4PM - 6PM,Endocrinologist
624,Dr. Sanjay Gupta,735,4.5,2,3AM - 5AM,Psychiatrist
625,Dr. Priya Sharma,736,4.5,2,4AM - 6AM,Psychiatrist
626,Dr. Sanjay Gupta,737,1.6,2,2AM - 4AM,Psychiatrist
627,Dr. Manish Shah,738,5.0,1,3AM - 5AM,Endocrinologist
628,Dr. Priya Sharma,739,3.4,1,3PM - 5PM,Endocrinologist
629,Dr. Neha Singh,740,0.6,2,10PM - 12PM,Pulmonologist
630,Dr. Pooja Desai,741,2.8,0,5AM - 7AM,Endocrinologist
631,Dr. Sanjay Gupta,742,1.3,2,5AM - 7AM,Psychiatrist
632,Dr. Anil Verma,743,4.2,2,1AM - 3AM,Oncologist
633,Dr. Sanjay Gupta,744,3.8,0,2AM - 4AM,Psychiatrist
634,Dr. Anil Verma,746,1.7,3,3PM - 5PM,Pulmonologist
635,Dr. Anil Verma,747,0.3,1,9AM - 11AM,Oncologist
636,Dr. Pooja Desai,748,4.7,0,11AM - 13AM,Endocrinologist
637,Dr. Neha Singh,750,4.2,2,3PM - 5PM,Psychiatrist
638,Dr. Anil Verma,751,1.9,0,8AM - 10AM,Pulmonologist
639,Dr. Sanjay Gupta,752,1.2,2,3AM - 5AM,Psychiatrist
640,Dr. Pooja Desai,753,4.2,4,3PM - 5PM,Oncologist
641,Dr. Neha Singh,754,2.5,0,6AM - 8AM,Pulmonologist
642,Dr. Pooja Desai,756,0.0,0,12AM - 14AM,Oncologist
643,Dr. Priya Sharma,757,2.1,3,9PM - 11PM,Psychiatrist
644,Dr. Manish Shah,760,4.5,3,2AM - 4AM,Endocrinologist
645,Dr. Pooja Desai,761,1.9,4,5AM - 7AM,Endocrinologist
646,Dr. Anil Verma,762,2.9,2,1PM - 3PM,Oncologist
647,Dr. Manish Shah,764,1.8,4,9PM - 11PM,Endocrinologist
648,Dr. Rajesh Patel,765,0.0,4,5AM - 7AM,Endocrinologist
649,Dr. Anil Verma,766,4.1,4,6PM - 8PM,Pulmonologist
650,Dr. Anil Verma,767,1.2,2,6PM - 8PM,Oncologist
651,Dr. Neha Singh,768,2.8,2,11AM - 13AM,Pulmonologist
652,Dr. Sanjay Gupta,771,0.5,1,5PM - 7PM,Psychiatrist
653,Dr. Sanjay Gupta,772,4.1,1,3AM - 5AM,Psychiatrist
654,Dr. Rajesh Patel,773,4.4,2,1PM - 3PM,Endocrinologist
655,Dr. Neha Singh,774,1.3,0,5AM - 7AM,Pulmonologist
656,Dr. Neha Singh,775,1.8,1,4AM - 6AM,Pulmonologist
657,Dr. Anil Verma,776,1.8,1,12AM - 14AM,Pulmonologist
658,Dr. Rajesh Patel,777,2.8,0,11AM - 13AM,Endocrinologist
659,Dr. Neha Singh,778,0.8,2,5AM - 7AM,Pulmonologist
660,Dr. Priya Sharma,779,2.3,4,12AM - 14AM,Psychiatrist
661,Dr. Pooja Desai,780,3.0,3,6PM - 8PM,Endocrinologist
662,Dr. Sanjay Gupta,781,2.8,1,7AM - 9AM,Psychiatrist
663,Dr. Rajesh Patel,782,4.7,1,2AM - 4AM,Endocrinologist
664,Dr. Manish Shah,783,2.4,0,2AM - 4AM,Endocrinologist
665,Dr. Neha Singh,784,2.9,1,8PM - 10PM,Psychiatrist
666,Dr. Sanjay Gupta,785,2.4,1,10PM - 12PM,Psychiatrist
667,Dr. Anil Verma,786,1.7,0,1PM - 3PM,Pulmonologist
668,Dr. Anil Verma,787,1.1,2,11AM - 13AM,Pulmonologist
669,Dr. Pooja Desai,789,0.7,2,2AM - 4AM,Oncologist
670,Dr. Priya Sharma,790,2.1,4,4PM - 6PM,Endocrinologist
671,Dr. Pooja Desai,792,0.8,3,12AM - 14AM,Oncologist
672,Dr. Pooja Desai,793,1.7,3,6PM - 8PM,Oncologist
673,Dr. Neha Singh,794,2.0,4,6PM - 8PM,Pulmonologist
674,Dr. Priya Sharma,795,3.7,1,11PM - 13PM,Endocrinologist
675,Dr. Pooja Desai,797,3.4,1,5AM - 7AM,Oncologist
676,Dr. Neha Singh,798,1.4,2,12AM - 14AM,Pulmonologist
677,Dr. Manish Shah,799,2.7,2,6AM - 8AM,Endocrinologist
678,Dr. Rajesh Patel,800,4.6,3,8AM - 10AM,Endocrinologist
679,Dr. Neha Singh,801,1.1,3,12AM - 14AM,Psychiatrist
680,Dr. Pooja Desai,802,0.2,3,2AM - 4AM,Oncologist
681,Dr. Sanjay Gupta,804,0.6,1,8AM - 10AM,Psychiatrist
682,Dr. Pooja Desai,806,3.9,2,10AM - 12AM,Endocrinologist
683,Dr. Sanjay Gupta,807,4.5,0,10PM - 12PM,Psychiatrist
684,Dr. Pooja Desai,809,2.8,3,1PM - 3PM,Oncologist
685,Dr. Pooja Desai,810,0.9,2,12AM - 14AM,Endocrinologist
686,Dr. Priya Sharma,812,1.4,2,11PM - 13PM,Psychiatrist
687,Dr. Rajesh Patel,813,1.0,2,11PM - 13PM,Endocrinologist
688,Dr. Sanjay Gupta,814,1.8,2,6AM - 8AM,Psychiatrist
689,Dr. Neha Singh,815,1.2,2,5PM - 7PM,Psychiatrist
690,Dr. Priya Sharma,816,1.6,1,12PM - 14PM,Endocrinologist
691,Dr. Neha Singh,817,1.4,4,11AM - 13AM,Pulmonologist
692,Dr. Neha Singh,818,4.0,3,7PM - 9PM,Pulmonologist
693,Dr. Priya Sharma,819,1.2,1,9AM - 11AM,Endocrinologist
694,Dr. Sanjay Gupta,820,2.1,3,2PM - 4PM,Psychiatrist
695,Dr. Sanjay Gupta,821,1.5,2,10AM - 12AM,Psychiatrist
696,Dr. Sanjay Gupta,822,2.4,0,11PM - 13PM,Psychiatrist
697,Dr. Neha Singh,823,3.0,2,10AM - 12AM,Pulmonologist
698,Dr. Sanjay Gupta,824,4.2,1,10AM - 12AM,Psychiatrist
699,Dr. Anil Verma,825,0.3,4,12AM - 14AM,Oncologist
700,Dr. Neha Singh,826,1.3,1,5AM - 7AM,Pulmonologist
701,Dr. Rajesh Patel,828,0.3,2,1AM - 3AM,Endocrinologist
702,Dr. Pooja Desai,829,0.3,4,3AM - 5AM,Endocrinologist
703,Dr. Anil Verma,830,4.2,4,1PM - 3PM,Pulmonologist
704,Dr. Manish Shah,831,2.0,2,8PM - 10PM,Endocrinologist
705,Dr. Neha Singh,832,0.2,3,3PM - 5PM,Pulmonologist
706,Dr. Priya Sharma,833,4.5,1,11PM - 13PM,Psychiatrist
707,Dr. Anil Verma,834,2.7,0,7PM - 9PM,Oncologist
708,Dr. Sanjay Gupta,835,2.6,2,12PM - 14PM,Psychiatrist
709,Dr. Priya Sharma,836,0.9,0,11AM - 13AM,Psychiatrist
710,Dr. Neha Singh,837,4.0,0,1PM - 3PM,Psychiatrist
711,Dr. Priya Sharma,838,4.2,0,7AM - 9AM,Endocrinologist
712,Dr. Sanjay Gupta,839,0.5,3,9PM - 11PM,Psychiatrist
713,Dr. Neha Singh,840,3.0,4,12PM - 14PM,Pulmonologist
714,Dr. Sanjay Gupta,841,3.9,3,2PM - 4PM,Psychiatrist
715,Dr. Pooja Desai,842,2.9,2,8PM - 10PM,Oncologist
716,Dr. Neha Singh,843,4.8,2,2PM - 4PM,Pulmonologist
717,Dr. Pooja Desai,844,2.3,4,5PM - 7PM,Endocrinologist
718,Dr. Anil Verma,845,4.6,2,10PM - 12PM,Oncologist
719,Dr. Anil Verma,846,0.9,4,2AM - 4AM,Pulmonologist
720,Dr. Sanjay Gupta,847,1.5,4,12AM - 14AM,Psychiatrist
721,Dr. Anil Verma,848,2.6,0,8AM - 10AM,Pulmonologist
722,Dr. Pooja Desai,849,3.5,3,10PM - 12PM,Oncologist
723,Dr. Pooja Desai,850,0.4,4,6PM - 8PM,Oncologist
724,Dr. Sanjay Gupta,851,4.2,1,6PM - 8PM,Psychiatrist
725,Dr. Neha Singh,852,3.8,0,4AM - 6AM,Pulmonologist
726,Dr. Anil Verma,853,1.7,4,12PM - 14PM,Pulmonologist
727,Dr. Manish Shah,854,2.2,4,7AM - 9AM,Endocrinologist
728,Dr. Pooja Desai,855,0.0,1,3AM - 5AM,Endocrinologist
729,Dr. Anil Verma,856,3.6,3,7PM - 9PM,Pulmonologist
730,Dr. Pooja Desai,857,3.8,0,3PM - 5PM,Oncologist
731,Dr. Priya Sharma,859,0.5,2,3PM - 5PM,Endocrinologist
732,Dr. Priya Sharma,860,2.1,0,12AM - 14AM,Endocrinologist
733,Dr. Neha Singh,862,0.9,0,10PM - 12PM,Pulmonologist
734,Dr. Manish Shah,865,2.5,1,4PM - 6PM,Endocrinologist
735,Dr. Pooja Desai,868,2.8,1,11AM - 13AM,Endocrinologist
736,Dr. Manish Shah,870,3.2,0,4AM - 6AM,Endocrinologist
737,Dr. Anil Verma,871,3.5,1,6PM - 8PM,Pulmonologist
738,Dr. Priya Sharma,872,3.6,1,12AM - 14AM,Endocrinologist
739,Dr. Neha Singh,873,2.8,4,7PM - 9PM,Psychiatrist
740,Dr. Anil Verma,874,2.8,4,3PM - 5PM,Oncologist
741,Dr. Pooja Desai,875,3.5,0,11PM - 13PM,Endocrinologist
742,Dr. Neha Singh,876,2.8,0,5PM - 7PM,Pulmonologist
743,Dr. Neha Singh,877,3.0,1,10AM - 12AM,Psychiatrist
744,Dr. Anil Verma,878,0.3,2,6AM - 8AM,Pulmonologist
745,Dr. Rajesh Patel,879,1.4,0,9AM - 11AM,Endocrinologist
746,Dr. Priya Sharma,880,4.2,3,4PM - 6PM,Endocrinologist
747,Dr. Manish Shah,881,1.6,0,1AM - 3AM,Endocrinologist
748,Dr. Neha Singh,883,4.7,3,1PM - 3PM,Pulmonologist
749,Dr. Pooja Desai,884,2.5,1,2PM - 4PM,Endocrinologist
750,Dr. Pooja Desai,885,4.6,1,8PM - 10PM,Endocrinologist
751,Dr. Rajesh Patel,886,3.2,1,7PM - 9PM,Endocrinologist
752,Dr. Manish Shah,887,0.9,2,8PM - 10PM,Endocrinologist
753,Dr. Anil Verma,888,1.8,3,4PM - 6PM,Oncologist
754,Dr. Pooja Desai,889,4.9,1,4PM - 6PM,Endocrinologist
755,Dr. Pooja Desai,890,1.9,4,6AM - 8AM,Endocrinologist
756,Dr. Neha Singh,891,3.0,3,1AM - 3AM,Pulmonologist
757,Dr. Priya Sharma,892,0.6,4,5AM - 7AM,Psychiatrist
758,Dr. Sanjay Gupta,893,1.9,0,12AM - 14AM,Psychiatrist
759,Dr. Sanjay Gupta,895,2.3,1,10AM - 12AM,Psychiatrist
760,Dr. Anil Verma,896,0.8,1,9AM - 11AM,Oncologist
761,Dr. Pooja Desai,897,3.6,1,8PM - 10PM,Endocrinologist
762,Dr. Rajesh Patel,898,2.4,2,8AM - 10AM,Endocrinologist
763,Dr. Manish Shah,899,4.4,3,9AM - 11AM,Endocrinologist
764,Dr. Priya Sharma,900,4.0,1,10AM - 12AM,Endocrinologist
765,Dr. Neha Singh,901,3.2,0,4PM - 6PM,Pulmonologist
766,Dr. Sanjay Gupta,902,2.7,3,5AM - 7AM,Psychiatrist
767,Dr. Sanjay Gupta,903,1.7,0,5AM - 7AM,Psychiatrist
768,Dr. Neha Singh,905,2.0,3,9AM - 11AM,Psychiatrist
769,Dr. Neha Singh,907,3.5,1,7AM - 9AM,Psychiatrist
770,Dr. Neha Singh,908,0.9,2,10AM - 12AM,Pulmonologist
771,Dr. Anil Verma,909,1.8,0,1PM - 3PM,Oncologist
772,Dr. Pooja Desai,910,0.1,3,7PM - 9PM,Oncologist
773,Dr. Sanjay Gupta,912,2.9,0,6PM - 8PM,Psychiatrist
774,Dr. Priya Sharma,913,3.3,3,12PM - 14PM,Endocrinologist
775,Dr. Sanjay Gupta,914,4.9,4,12PM - 14PM,Psychiatrist
776,Dr. Pooja Desai,916,4.6,1,10AM - 12AM,Endocrinologist
777,Dr. Manish Shah,917,1.1,4,9PM - 11PM,Endocrinologist
778,Dr. Neha Singh,918,4.9,4,11AM - 13AM,Pulmonologist
779,Dr. Rajesh Patel,919,2.3,4,8AM - 10AM,Endocrinologist
780,Dr. Priya Sharma,920,3.0,0,10PM - 12PM,Psychiatrist
781,Dr. Pooja Desai,921,3.3,0,7AM - 9AM,Oncologist
782,Dr. Anil Verma,922,0.8,2,7AM - 9AM,Oncologist
783,Dr. Anil Verma,923,3.2,1,11PM - 13PM,Oncologist
784,Dr. Priya Sharma,924,1.7,4,4PM - 6PM,Psychiatrist
785,Dr. Priya Sharma,926,1.6,4,3AM - 5AM,Psychiatrist
786,Dr. Priya Sharma,927,1.9,2,4AM - 6AM,Endocrinologist
787,Dr. Manish Shah,928,1.8,0,10PM - 12PM,Endocrinologist
788,Dr. Neha Singh,929,3.5,0,6AM - 8AM,Psychiatrist
789,Dr. Anil Verma,930,0.4,2,12PM - 14PM,Pulmonologist
790,Dr. Rajesh Patel,931,1.2,2,7AM - 9AM,Endocrinologist
791,Dr. Priya Sharma,932,3.9,3,1PM - 3PM,Psychiatrist
792,Dr. Manish Shah,933,2.5,0,12AM - 14AM,Endocrinologist
793,Dr. Manish Shah,934,3.9,4,8AM - 10AM,Endocrinologist
794,Dr. Priya Sharma,936,4.9,3,10AM - 12AM,Endocrinologist
795,Dr. Rajesh Patel,937,3.5,3,10PM - 12PM,Endocrinologist
796,Dr. Anil Verma,938,0.9,3,7PM - 9PM,Pulmonologist
797,Dr. Neha Singh,940,2.6,3,4AM - 6AM,Psychiatrist
798,Dr. Rajesh Patel,941,0.5,1,8PM - 10PM,Endocrinologist
799,Dr. Pooja Desai,942,3.3,0,5PM - 7PM,Oncologist
800,Dr. Anil Verma,943,0.0,2,9PM - 11PM,Oncologist
801,Dr. Manish Shah,944,0.7,3,11AM - 13AM,Endocrinologist
802,Dr. Neha Singh,945,1.0,1,6AM - 8AM,Pulmonologist
803,Dr. Sanjay Gupta,946,2.6,4,5AM - 7AM,Psychiatrist
804,Dr. Rajesh Patel,949,3.3,1,5AM - 7AM,Endocrinologist
805,Dr. Anil Verma,950,2.3,4,4AM - 6AM,Oncologist
806,Dr. Sanjay Gupta,951,4.7,3,10PM - 12PM,Psychiatrist
807,Dr. Manish Shah,952,2.8,0,5AM - 7AM,Endocrinologist
808,Dr. Anil Verma,953,0.3,2,9PM - 11PM,Pulmonologist
809,Dr. Anil Verma,954,3.0,2,9PM - 11PM,Pulmonologist
810,Dr. Neha Singh,955,2.5,4,6PM - 8PM,Pulmonologist
811,Dr. Sanjay Gupta,956,3.6,3,10PM - 12PM,Psychiatrist
812,Dr. Sanjay Gupta,957,2.3,4,1AM - 3AM,Psychiatrist
813,Dr. Priya Sharma,958,4.3,4,3PM - 5PM,Endocrinologist
814,Dr. Pooja Desai,959,4.7,2,1AM - 3AM,Endocrinologist
815,Dr. Sanjay Gupta,961,0.1,4,8AM - 10AM,Psychiatrist
816,Dr. Manish Shah,962,0.2,0,6PM - 8PM,Endocrinologist
817,Dr. Priya Sharma,963,0.4,1,10AM - 12AM,Endocrinologist
818,Dr. Anil Verma,965,1.1,3,4PM - 6PM,Pulmonologist
819,Dr. Priya Sharma,966,2.8,4,9PM - 11PM,Psychiatrist
820,Dr. Sanjay Gupta,967,0.3,2,10AM - 12AM,Psychiatrist
821,Dr. Sanjay Gupta,969,4.4,1,10AM - 12AM,Psychiatrist
822,Dr. Manish Shah,970,0.5,0,9PM - 11PM,Endocrinologist
823,Dr. Anil Verma,971,3.7,4,3PM - 5PM,Pulmonologist
824,Dr. Sanjay Gupta,972,4.4,2,1PM - 3PM,Psychiatrist
825,Dr. Priya Sharma,973,2.9,4,1PM - 3PM,Endocrinologist
826,Dr. Rajesh Patel,974,3.7,2,3AM - 5AM,Endocrinologist
827,Dr. Sanjay Gupta,977,1.7,2,2PM - 4PM,Psychiatrist
828,Dr. Manish Shah,978,2.3,0,1PM - 3PM,Endocrinologist
829,Dr. Rajesh Patel,980,1.0,2,8AM - 10AM,Endocrinologist
830,Dr. Priya Sharma,981,2.6,0,2AM - 4AM,Endocrinologist
831,Dr. Pooja Desai,982,4.1,4,11PM - 13PM,Oncologist
832,Dr. Pooja Desai,983,2.6,3,11PM - 13PM,Oncologist
833,Dr. Anil Verma,984,2.7,2,1AM - 3AM,Oncologist
834,Dr. Neha Singh,985,1.0,2,5PM - 7PM,Pulmonologist
835,Dr. Anil Verma,986,4.4,3,3AM - 5AM,Pulmonologist
836,Dr. Sanjay Gupta,987,4.5,1,10PM - 12PM,Psychiatrist
837,Dr. Manish Shah,988,0.1,2,9AM - 11AM,Endocrinologist
838,Dr. Priya Sharma,989,3.2,2,3PM - 5PM,Endocrinologist
839,Dr. Anil Verma,990,4.7,4,11PM - 13PM,Pulmonologist
840,Dr. Neha Singh,991,1.7,2,5PM - 7PM,Psychiatrist
841,Dr. Pooja Desai,992,2.3,1,6AM - 8AM,Endocrinologist
842,Dr. Rajesh Patel,993,3.4,2,7AM - 9AM,Endocrinologist
843,Dr. Neha Singh,994,3.1,1,4PM - 6PM,Pulmonologist
844,Dr. Neha Singh,995,4.9,4,3AM - 5AM,Psychiatrist
845,Dr. Anil Verma,996,0.3,3,2AM - 4AM,Pulmonologist
846,Dr. Anil Verma,997,3.6,0,8AM - 10AM,Pulmonologist
847,Dr. Anil Verma,998,2.3,0,5PM - 7PM,Oncologist
